ÎÇ†Ïßú,ÏÇ¨Ïö©Ïûê Ïù¥Î¶Ñ,Î¶¨Î∑∞,ÌèâÏ†ê,ÎèÑÏõÄ
"April 19, 2020",Alicia Mont,"Alicia Mont5.0 out of 5 stars
Very cute colors!
Reviewed in the United States on April 19, 2020Color: 06 THE BLUSHED NUDESVerified Purchase

  My skin tone is neutral to warm; these colors are very beautiful and complement my skin, and blend great. It is a tiny palette, so I recommend it as a starting nude palette to see if you really like these colors.Some colors have a slight shimmer to them, others are more matte. Enjoy!




          Helpful


Report abuse

Showing 0 comments
There was a problem loading comments right now. Please try again later.",5,0 people found this helpful
"February 15, 2021",akanksha bapna,"akanksha bapna5.0 out of 5 stars
Maybelline never disappoints !!!
Reviewed in the United States on February 15, 2021Color: 120 THE 24K NUDESVerified Purchase

  I have used Maybelline ever since I started using makeup !!! this is amazing... Im Indian and have wheatish brown skin  with really dark eyelids, so my problem is mostly trying to get the colour to show and last... This works ... even the lighter colours show up without a primer ... Maybelline products have always lasted a long while for me... its just been a week or so for me, but I will let you know if i have any problems in the future :)




          Helpful


Report abuse

Showing 0 comments
There was a problem loading comments right now. Please try again later.",5,0 people found this helpful
"January 26, 2021",Chris Haughaboo,"Chris Haughaboo5.0 out of 5 stars
Surprisingly beautiful & last all day
Reviewed in the United States on January 26, 2021Color: 06 THE BLUSHED NUDESVerified Purchase

  This sincerely really shocked me. This is beautiful make-up. I have some expansive make-up & this works every bit as gd. It last all day. I didn't need to touch up. My favorite pallet. I can't say enough gd of this. I thought I'd be disappointed but I was surprised instead. I'd buy other colors for sure




          Helpful


Report abuse

Showing 0 comments
There was a problem loading comments right now. Please try again later.",5,0 people found this helpful
"March 8, 2021",Jamie Taylor,"Jamie Taylor1.0 out of 5 stars
Huge mess upon delivery
Reviewed in the United States on March 8, 2021Color: 06 THE BLUSHED NUDESVerified Purchase

  Item appeared well packaged but once completely opened it was clear the item was ruined.  Over half the shadows were completely crumbled which caused the remainder shadows, as well as the inside and outside of the case to get coated in loose shadow dust.  A huge mess.




          Helpful


Report abuse

Showing 0 comments
There was a problem loading comments right now. Please try again later.",1,0 people found this helpful
"October 7, 2017",Scattered Energy,"Scattered Energy5.0 out of 5 stars
Must Have Palette
Reviewed in the United States on October 7, 2017Color: 120 THE 24K NUDESVerified Purchase

  I saw several YouTubers who bought this palette, review it, all positive reviews, so I got it.  The pigments are awesome.  I love the colors and they're all very easy to blend.  I don't have problems with the eyeshadow creasing, flaking or not holding its color during the day.  It didn't cause any eye or skin irritation either nor did it bother my contact lenses.  Endless color combinations to wear in all seasons and all times of day.


2 people found this helpful

          Helpful


Report abuse

Showing 0 comments
There was a problem loading comments right now. Please try again later.",5,2 people found this helpful
"May 23, 2021",TH,"TH5.0 out of 5 stars
Love it!
Reviewed in the United States on May 23, 2021Color: 06 THE BLUSHED NUDESVerified Purchase

  I watched several YouTube videos which suggested this was not as pigmented or easy to blend as a prior version.  I did not find that to be the case.I love the colors, they were easy to apply and blend and lasted through the day.




          Helpful


Report abuse

Showing 0 comments
There was a problem loading comments right now. Please try again later.",5,0 people found this helpful
"December 5, 2020",Tereesa Jacquelynn Kelley,"Tereesa Jacquelynn Kelley2.0 out of 5 stars
Too nude for me
Reviewed in the United States on December 5, 2020Color: 06 THE BLUSHED NUDESVerified Purchase

  While the colors look amazing in packaging. When trying to make it show up on my skin it took a while. And even then it didn‚Äôt stay long. The colors are not supposed to be blend in with my skin colors just supposed to be lighter/hence the nude.




          Helpful


Report abuse

Showing 0 comments
There was a problem loading comments right now. Please try again later.",2,0 people found this helpful
"October 20, 2015",Jamie Strough,"Jamie Strough5.0 out of 5 stars
Versatile and GREAT palette for travelling!!!
Reviewed in the United States on October 20, 2015Color: 02 THE NUDESVerified Purchase

  I personally LOVE this palette!!! I have been using it for a little over a week and have been able to create various day and night time looks from it! One of my favorite things about it is that the color seems to stay fairly pigmented throughout the day without all blending together to become too dark or creasing and wearing off to become too light! I can create looks that are soft and natural but then can easily/quickly transition to dramatic looks with smokey eyes all with this palette!!! If you are travelling and want a versatile palette that is going to allow you to create looks which are similar to those from the Naked and Full Exposure palettes and you don't want to bring your expensive make up with you I HIGHLY recommend you purchase this palette!!! The applicator in the palette is nothing special so I definitely recommend having your own brushes BUT if you are in a pinch and need to use the one that comes with the palette, it gets the job done.


3 people found this helpful

          Helpful


Report abuse

Showing 0 comments
There was a problem loading comments right now. Please try again later.",5,3 people found this helpful
"May 14, 2021",KC,"KC1.0 out of 5 stars
Completely broken. So disappointed
Reviewed in the United States on May 14, 2021Color: 06 THE BLUSHED NUDESVerified Purchase

  I was really looking forward to getting this but it came completely destroyed. It actually looked like it had been used too but I imagine that was just from the shipment damage. I want another but afraid it will happen again.




          Helpful


Report abuse

Showing 0 comments
There was a problem loading comments right now. Please try again later.",1,0 people found this helpful
"April 15, 2015",ae in vir,"ae in vir4.0 out of 5 stars
Good value for the price, great colors
Reviewed in the United States on April 15, 2015Color: 02 THE NUDESVerified Purchase

  Very good product for the price.Gorgeous colors and reasonably pigmented.  I get better application using my own brushes than the wand that comes with the palette.  My only complaint and the only reason it doesn't get five stars is that it doesn't last all day.  Even using Urban Decay's primer it is very much faded at the end of my long (10-11 hrs) work day.  I like it enough that I bought a second immediately after buying the first in case they discontinued it.I also use Urban Decay's Naked2 and Naked3 and, in comparison, they are more pigmented and last longer than the Maybelline palette.My favorite look uses the four on the right - they make an absolutely perfect look to wear with cool blues, greys, and blacks.




          Helpful


Report abuse

Showing 0 comments
There was a problem loading comments right now. Please try again later.",4,0 people found this helpful
"December 13, 2020",Cheetara4,"Cheetara44.0 out of 5 stars
Definitely a shade or two darker than it looks online
Reviewed in the United States on December 13, 2020Color: 06 THE BLUSHED NUDESVerified Purchase

  I thought these were going to be a bit lighter. I bought it for my nice who is new to using makeup and thought this would be a good beginners pallet to start with. We‚Äôll  see how she likes it. But not bad for $10.


















4.0 out of 5 stars

                Definitely a shade or two darker than it looks online
            


            
              
                  By Cheetara4 on December 13, 2020
              
              
            


            


            I thought these were going to be a bit lighter. I bought it for my nice who is new to using makeup and thought this would be a good beginners pallet to start with. We‚Äôll  see how she likes it. But not bad for $10.
        


                Images in this review
            












          Helpful


Report abuse

Showing 0 comments
There was a problem loading comments right now. Please try again later.",4,0 people found this helpful
"March 8, 2021",ljbarnes05,"ljbarnes055.0 out of 5 stars
My go to eye shaddow
Reviewed in the United States on March 8, 2021Color: 06 THE BLUSHED NUDESVerified Purchase

  Brown eyes and brown hair with some highlights.  This is my go to eye shadow kit.  Everyone always asks me what I use.  Maybe I was born with it....maybe its Maybelline ;)Love how it gives department store results at a really reasonable price! And the colors are great!




          Helpful


Report abuse

Showing 0 comments
There was a problem loading comments right now. Please try again later.",5,0 people found this helpful
"March 1, 2021",Hannah Park,"Hannah Park3.0 out of 5 stars
Very Nice But Whoever Handled It Wasn't Careful
Reviewed in the United States on March 1, 2021Color: 06 THE BLUSHED NUDESVerified Purchase

  The product came as expected and I like the color palate since it blends in well with my skin color. But I had to fix two colors myself in order to use it. Whoever had a hold of this wasn't very careful and it makes me think this wasn't secured during transport. I only got this to get the free delivery along with another product I bought but come on...at least try to handle things with care.




          Helpful


Report abuse

Showing 0 comments
There was a problem loading comments right now. Please try again later.",3,0 people found this helpful
"March 19, 2021",LHL,"LHL2.0 out of 5 stars
Disappointed
Reviewed in the United States on March 19, 2021Color: 06 THE BLUSHED NUDESVerified Purchase

  I was looking for a new eyeshadow palette that would have great neutrals. The reviews caught my eye so I purchased it. However, these eyeshadows have hardly any pigment to them. Whether I use a brush, foam applicator, or even eyeshadow primer, they barely show up.


One person found this helpful

          Helpful


Report abuse

Showing 0 comments
There was a problem loading comments right now. Please try again later.",2,One person found this helpful
"August 31, 2020",Grace Hartzell,"Grace Hartzell1.0 out of 5 stars
Cheap
Reviewed in the United States on August 31, 2020Color: 06 THE BLUSHED NUDESVerified Purchase

  Crappy product, you literally get what you pay for. The colors are impossible to get to stay on your eyes and the palette just falls apart. Very crummy and cheap. It's unfortunate since the colors were exactly what I wanted but I'd rather spend more money and get a better longer lasting product


One person found this helpful

          Helpful


Report abuse

Showing 0 comments
There was a problem loading comments right now. Please try again later.",1,One person found this helpful
"October 10, 2017",KLW,"KLW4.0 out of 5 stars
This is a good palette for a great price
Reviewed in the United States on October 10, 2017Color: 06 THE BLUSHED NUDESVerified Purchase

  This is a good palette for a great price. I‚Äôm not super into eyeshadow and for my look, it‚Äôs definitely not worth it to buy expensive palettes at Sephora and Ulta. This palette is great; it‚Äôs got a great range of colors that are very versatile. I don‚Äôt invest in eyeshadow primer either, however I use liquid concealer as a primer and it works just as well. The colors are definitely more pigmented with primer so I‚Äôd suggest buying one or using liquid concealer/foundation (I don‚Äôt think they would show up as well or stay on for that long without it). I saw many people had packaging/damage issues but my product came wrapped in a ton of bubble wrap and was fine, so I assume amazon has now fixed that issue.




          Helpful


Report abuse

Showing 0 comments
There was a problem loading comments right now. Please try again later.",4,0 people found this helpful
"April 9, 2018",Maria A. Rojas,"Maria A. Rojas4.0 out of 5 stars
Great product for anyone that doesn‚Äôt care about name brands
Reviewed in the United States on April 9, 2018Color: 02 THE NUDESVerified Purchase

  I bought it since I wanted a compact eyeshadow pallet for traveling and did not want to spend a lot of money on a new one. I‚Äôm not a make up expert and I don‚Äôt care about the brand as long as the product works.The shades in this pallet are great, however the pigmentation is not very strong. Make sure to prime your eyelids with a nice primer and it will last all day without creasing.  All in all is not a bad pallet if you‚Äôre looking for a soft look and wear it with a decent primer.


One person found this helpful

          Helpful


Report abuse

Showing 0 comments
There was a problem loading comments right now. Please try again later.",4,One person found this helpful
"July 3, 2017",B1987,"B19875.0 out of 5 stars
The is a great palette. The colors are not as pigmented as ...
Reviewed in the United States on July 3, 2017Color: 02 THE NUDESVerified Purchase

  The is a great palette. The colors are not as pigmented as the Urban Decay Naked palette, but this is a good, cheap alternative. I love the gold and brown tones. I prefer to use the shimmery shadows because I think they show up better on my skin. They seem to be easier to build on compared to the more matte shades. I would recommend this to anyone who wants to save money or is just learning how to do makeup. With the right primer, the color will last all day.


2 people found this helpful

          Helpful


Report abuse

Showing 0 comments
There was a problem loading comments right now. Please try again later.",5,2 people found this helpful
"October 30, 2020",Casey,"Casey5.0 out of 5 stars
That everyday nude look
Reviewed in the United States on October 30, 2020Color: 06 THE BLUSHED NUDESVerified Purchase

  Perfect for everyday nude look! Applies easily and stays on for a long time! I buy extra applicator brushes so I don‚Äôt mix colors. Buy this if you need everyday eyeshadow that goes with everything!




          Helpful


Report abuse

Showing 0 comments
There was a problem loading comments right now. Please try again later.",5,0 people found this helpful
"January 2, 2021",Kelli,"Kelli2.0 out of 5 stars
Doesn't last long
Reviewed in the United States on January 2, 2021Color: 06 THE BLUSHED NUDESVerified Purchase

  The colors look beautiful in the package, unfortunately you have to apply a lot of the lighter shades to get the pigment to show. The darker colors are pretty.  The color doesn't last long.  After about two hours I needed to reapply.


















2.0 out of 5 stars

                Doesn't last long
            


            
              
                  By Kelli on January 2, 2021
              
              
            


            


            The colors look beautiful in the package, unfortunately you have to apply a lot of the lighter shades to get the pigment to show. The darker colors are pretty.  The color doesn't last long.  After about two hours I needed to reapply.
        


                Images in this review
            












          Helpful


Report abuse

Showing 0 comments
There was a problem loading comments right now. Please try again later.",2,0 people found this helpful
"September 26, 2016",oktravelchick,"oktravelchick5.0 out of 5 stars
Beautiful
Reviewed in the United States on September 26, 2016Color: 06 THE BLUSHED NUDESVerified Purchase

  Strange to pick out a makeup on the internet, but this time it worked out! Beautiful colors, my favorite being the beautiful pink color (second row, 5th one). It has some glitter in it, making it rich and somewhat sparkly.My only complaint is the open storage compartment for the 2 applicators. It kept knocking out the second one onto the floor so often that I just put it away. That being my only complaint, it's all good after that!Does wear kind of quickly compared to some of my other brands, but not a big deal for me.




          Helpful


Report abuse

Showing 0 comments
There was a problem loading comments right now. Please try again later.",5,0 people found this helpful
"October 26, 2015",Tea,"Tea5.0 out of 5 stars
Staple makeup item
Reviewed in the United States on October 26, 2015Color: 02 THE NUDESVerified Purchase

  Great little palette! Maybelline's The Nudes really is a staple in any makeup collection, with it's wide array of shades and limitless combinations. The colors are nicely pigmented and apply smoothly, my personal favorite is the gold one in the second row. The guide in the back is especially helpful, as it gives ideas for looks to wear. These shadows last all day atop ELF's eyelid primer, and I've been complimented on them numerous times since I've worn them out. With its variety and combinations, this is a must have and inexpensive neutral palette suitable for anyone!


One person found this helpful

          Helpful


Report abuse

Showing 0 comments
There was a problem loading comments right now. Please try again later.",5,One person found this helpful
"February 24, 2019",M. Carney,"M. Carney2.0 out of 5 stars
Meh
Reviewed in the United States on February 24, 2019Color: 06 THE BLUSHED NUDESVerified Purchase

  The colors look pretty at first but it takes several layers of this eyeshadow for any pigment to show up on me, and I have a very light skin color. You get what you pay for though. Go for something that costs a little more.


One person found this helpful

          Helpful


Report abuse

Showing 0 comments
There was a problem loading comments right now. Please try again later.",2,One person found this helpful
"January 9, 2021",Tracy S.,"Tracy S.5.0 out of 5 stars
Love the colors
Reviewed in the United States on January 9, 2021Color: 06 THE BLUSHED NUDESVerified Purchase

  Very pretty colors, decent saturation. They're very subtle on light skin tone but great for daily wear. I haven't tried building or layering to get deeper coloring but you probably can.




          Helpful


Report abuse

Showing 0 comments
There was a problem loading comments right now. Please try again later.",5,0 people found this helpful
"March 14, 2018",Scattered Energy,"Scattered Energy5.0 out of 5 stars
Another Beautiful Palette from Maybelline
Reviewed in the United States on March 14, 2018Color: 02 THE NUDESVerified Purchase

  I LOVE, LOVE all these Maybelline NUDES palettes!  This one is gorgeous.  Wonderful well pigmented, neutral colors that I think look good with all eye colors.  They wear well too.  I think I only have two palettes more to have them all.  They're getting harder to find though.  I hope Maybelline doesn't stop making them.


One person found this helpful

          Helpful


Report abuse

Showing 0 comments
There was a problem loading comments right now. Please try again later.",5,One person found this helpful
"August 13, 2020",christine primm,"christine primm5.0 out of 5 stars
Beautiful üòç palette!!
Reviewed in the United States on August 13, 2020Color: 06 THE BLUSHED NUDESVerified Purchase

  This palette is absolutely beautiful. The colors are pretty and feminine. They go on very well and stay on for a good long while. Its versatile and youve got alot of options especially for a soft and sweet look..This is a great palette to add to your collection. Give this a try!




          Helpful


Report abuse

Showing 0 comments
There was a problem loading comments right now. Please try again later.",5,0 people found this helpful
"April 9, 2020",Rosemaryc5,"Rosemaryc53.0 out of 5 stars
Pretty but not very pigmneted
Reviewed in the United States on April 9, 2020Color: 06 THE BLUSHED NUDESVerified Purchase

  I love maybelline but they didnt exactly hit the mark with this set. I feel like i am struggling to get the color on my eyes. Its really not very pigmented. They have better eye sets. Not sure what happened with this one




          Helpful


Report abuse

Showing 0 comments
There was a problem loading comments right now. Please try again later.",3,0 people found this helpful
"April 17, 2021",erin zwolinski,"erin zwolinski4.0 out of 5 stars
Decent for the price
Reviewed in the United States on April 17, 2021Color: 06 THE BLUSHED NUDESVerified Purchase

  For the price it is good eyeshadow. Not super pigmented but with a good eye primer (I use e.l.f.) it lasts most of the day. Good for a subtle nude look which is what I usually go for.




          Helpful


Report abuse

Showing 0 comments
There was a problem loading comments right now. Please try again later.",4,0 people found this helpful
"July 22, 2019",Mina,"Mina4.0 out of 5 stars
Regular Palette
Reviewed in the United States on July 22, 2019Color: 02 THE NUDESVerified Purchase

  I ordered this palette and was disappointed that it got damaged during shipping. I like the colors and since only one color got damaged I am not going to return it.  It does, however, feel a little cheap. I will see how I like it after I use it for a couple of times, because I do not wear make up every day.


















4.0 out of 5 stars

                Regular Palette
            


            
              
                  By Mina on July 22, 2019
              
              
            


            


            I ordered this palette and was disappointed that it got damaged during shipping. I like the colors and since only one color got damaged I am not going to return it.  It does, however, feel a little cheap. I will see how I like it after I use it for a couple of times, because I do not wear make up every day.
        


                Images in this review
            











One person found this helpful

          Helpful


Report abuse

Showing 0 comments
There was a problem loading comments right now. Please try again later.",4,One person found this helpful
"June 11, 2021",JH,"JH3.0 out of 5 stars
You get what you pay for I guess.
Reviewed in the United States on June 11, 2021Color: 06 THE BLUSHED NUDESVerified Purchase

  I bought this because it's not a common color scheme in drugstore makeup but don't bother.  It's just a waste of space.  Even if you prime with white primer it's invisible.  Shimmer shadows aren't shimmery and disappears in hours. Don't bother.




          Helpful


Report abuse

Showing 0 comments
There was a problem loading comments right now. Please try again later.",3,0 people found this helpful
"August 27, 2015",Jillie0808,"Jillie08083.0 out of 5 stars
just ok
Reviewed in the United States on August 27, 2015Color: 06 THE BLUSHED NUDESVerified Purchase

  best to use a eye primer.  I use Urban Decay original formula eye primer.  When used with this, the colors will last all day.  A lot of the colors are shimmery, only one or two could be called matte or satin.  I didn't realize that when I bought it, or I probably wouldn't have.  I use it but probably won't repurchase.  I do like that maybelline is trying to market a palette.  I get frustrated with the quads.  You usually have a least one color you don't use thus making your purchase more costly.  With a palette you do have more options.


One person found this helpful

          Helpful


Report abuse

Showing 0 comments
There was a problem loading comments right now. Please try again later.",3,One person found this helpful
"June 8, 2019",NikkiMarie,"NikkiMarie2.0 out of 5 stars
Garbage!!
Reviewed in the United States on June 8, 2019Color: 06 THE BLUSHED NUDESVerified Purchase

  My daughter had a Soap & Glory pallet that I loved! It‚Äôs no longer avail. I saw this and it seemed so similar. Boy was I wrong! The consistency of the shadow is terrible!!! No pigment at all and doesn‚Äôt last. Doesn‚Äôt seem like Maybelline make up at all, was more like dollar store crap! Save your money!




          Helpful


Report abuse

Showing 0 comments
There was a problem loading comments right now. Please try again later.",2,0 people found this helpful
"August 8, 2020",Dawn Davis,"Dawn Davis5.0 out of 5 stars
All colors look the same when applied
Reviewed in the United States on August 8, 2020Color: 06 THE BLUSHED NUDESVerified Purchase

  Item came with one color square broken up.After using these colors a few times I‚Äôve noticed they almost all look like the same color.  Had I known I wouldn‚Äôt have bought it.




          Helpful


Report abuse

Showing 0 comments
There was a problem loading comments right now. Please try again later.",5,0 people found this helpful
"December 25, 2020",Brooke Gray,"Brooke Gray5.0 out of 5 stars
Price is good and good for travel
Reviewed in the United States on December 25, 2020Color: 06 THE BLUSHED NUDESVerified Purchase

  Good for travel and small suitcase travel, colors are neutral enough to get small shade of eyeshadow and that works for me. Would say price is good for what I received.




          Helpful


Report abuse

Showing 0 comments
There was a problem loading comments right now. Please try again later.",5,0 people found this helpful
"August 6, 2020",Bkelley,"Bkelley2.0 out of 5 stars
It‚Äôs everywhere!
Reviewed in the United States on August 6, 2020Color: 06 THE BLUSHED NUDESVerified Purchase

  The eye shadow is all over the package. Was wrapped in bubble wrap but put into a way too big of a box. No doubt it got shook up too much. It‚Äôs got broken pieces in the shadows.


















2.0 out of 5 stars

                It‚Äôs everywhere!
            


            
              
                  By Bkelley on August 6, 2020
              
              
            


            


            The eye shadow is all over the package. Was wrapped in bubble wrap but put into a way too big of a box. No doubt it got shook up too much. It‚Äôs got broken pieces in the shadows.
        


                Images in this review
            












          Helpful


Report abuse

Showing 0 comments
There was a problem loading comments right now. Please try again later.",2,0 people found this helpful
"May 23, 2020",jaslanglois,"jaslanglois5.0 out of 5 stars
Great pallet
Reviewed in the United States on May 23, 2020Color: 06 THE BLUSHED NUDESVerified Purchase

  there's not a lot of follow-up at all it blends well I'm not an expert at doing my makeup I'm kind of getting into it more and more I will say that it's a really easy to use product it's colors are beautiful there's a ton of different ways to wear it




          Helpful


Report abuse

Showing 0 comments
There was a problem loading comments right now. Please try again later.",5,0 people found this helpful
"August 25, 2015",Sara,"Sara5.0 out of 5 stars
Great palette
Reviewed in the United States on August 25, 2015Color: 02 THE NUDESVerified Purchase

  This palette is great if you want a Naked palette but don't want to (or can't afford to) spend the money. It is more towards the low end scale for makeup so you can't expect it to be perfect, but the colors are pigmented and go on great, blend easily. You may have to build it up a bit to get the color as shown in the palette but I don't mind it. Helps to use a primer before hand, if you can use a white one even better. Has a nice range of colors, though, and I like how it's set up to be used as duo, trio, and quads. Very good for beginners! Love this palette for everyday looks




          Helpful


Report abuse

Showing 0 comments
There was a problem loading comments right now. Please try again later.",5,0 people found this helpful
"July 11, 2020",Taco Talk,"Taco Talk5.0 out of 5 stars
Sheer shiny lovely
Reviewed in the United States on July 11, 2020Color: 06 THE BLUSHED NUDESVerified Purchase

  I absolutely love this product and was so surprised that it came so quickly with such a fair price. The colors are so nice and shiny in a play and very smooth I recommend using a primer.


















5.0 out of 5 stars

                Sheer shiny lovely
            


            
              
                  By Taco Talk on July 11, 2020
              
              
            


            


            I absolutely love this product and was so surprised that it came so quickly with such a fair price. The colors are so nice and shiny in a play and very smooth I recommend using a primer.
        


                Images in this review
            
















          Helpful


Report abuse

Showing 0 comments
There was a problem loading comments right now. Please try again later.",5,0 people found this helpful
"June 22, 2015",Reviews 4 U,"Reviews 4 UTop Contributor: Makeup5.0 out of 5 stars
Fantastic pallet!
Reviewed in the United States on June 22, 2015Color: 06 THE BLUSHED NUDESVerified Purchase

  I'm thoroughly impressed with this pallet! All and I mean all the colors are beautiful! I'd say their medium to high pigmentation depending on shade and some of the liter shades are more sheer, but provide a soft wash of shimmering color. Only one shade is Matte. Colors are pinks, maybes, rose gold/coppery to deeper plums and a light and medium gray. The price can't be beat. I typically use high end cosmetics, UD, BAREMINERALS, TOO FACED. This pallet competes VERY WELL. I think I'll order a backup.


3 people found this helpful

          Helpful


Report abuse

Showing 0 comments
There was a problem loading comments right now. Please try again later.",5,3 people found this helpful
"January 3, 2021",SoccerHoopsMom,"SoccerHoopsMom5.0 out of 5 stars
My favorite color palette
Reviewed in the United States on January 3, 2021Color: 02 THE NUDESVerified Purchase

  Colors are very pigmented and easy to blend. My favorite neutral color palette. Timeless. Been using it for years and hope it never gets discontinued.




          Helpful


Report abuse

Showing 0 comments
There was a problem loading comments right now. Please try again later.",5,0 people found this helpful
"June 14, 2019",Tina ,"Tina 5.0 out of 5 stars
Just be aware that it only comes in one eye applicator
Reviewed in the United States on June 14, 2019Color: 06 THE BLUSHED NUDESVerified Purchase

  I like it a lot only problem is it actually only comes with one eye applicator not 2 like it shows on display photos.. it should comes with 2 due to a lot of colors options..


















5.0 out of 5 stars

                Just be aware that it only comes in one eye applicator
            


            
              
                  By Tina  on June 14, 2019
              
              
            


            


            I like it a lot only problem is it actually only comes with one eye applicator not 2 like it shows on display photos.. it should comes with 2 due to a lot of colors options..
        


                Images in this review
            











One person found this helpful

          Helpful


Report abuse

Showing 0 comments
There was a problem loading comments right now. Please try again later.",5,One person found this helpful
"February 25, 2018",Peggy K. Dapitan,"Peggy K. Dapitan5.0 out of 5 stars
The colors are very pretty as shown and it is fun mixing them to ...
Reviewed in the United States on February 25, 2018Color: 06 THE BLUSHED NUDESVerified Purchase

  I purchased the Maybelline New York ""Blushed Nudes"" eyeshadow collection. The colors are very pretty as shown and it is fun mixing them to make another color. They do go on smoothly and last all day. I would buy this product again.


2 people found this helpful

          Helpful


Report abuse

Showing 0 comments
There was a problem loading comments right now. Please try again later.",5,2 people found this helpful
"March 29, 2018",Mrs McC,"Mrs McC3.0 out of 5 stars
Too loose and pale
Reviewed in the United States on March 29, 2018Color: 02 THE NUDESVerified Purchase

  These are great colors and a good combination of frosty and matte, but the product is too powdery and loose when trying to put it on. Not the usual consistency when applying other dry eye shadows I own. It wasn't enough to impress and I can't recommend them. Sad that this is Maybelline.


One person found this helpful

          Helpful


Report abuse

Showing 0 comments
There was a problem loading comments right now. Please try again later.",3,One person found this helpful
"July 31, 2020",Sharon Hampton,"Sharon Hampton5.0 out of 5 stars
GREAT VALUE
Reviewed in the United States on July 31, 2020Color: 02 THE NUDESVerified Purchase

  Wow! I didn't realize there were so many items in this set.  They are of good quality.  I just wish the number and use for each was printed on the individual brushes.




          Helpful


Report abuse

Showing 0 comments
There was a problem loading comments right now. Please try again later.",5,0 people found this helpful
"July 13, 2018",Richard A. Jenkinson,"Richard A. Jenkinson3.0 out of 5 stars
one of the compacts was busted
Reviewed in the United States on July 13, 2018Color: 06 THE BLUSHED NUDESVerified Purchase

  I was kind of disappointed about it arriving with one of the compacts broken, but it's not a big deal, I just broke up the pieces and shoved it together, wet it, and smoothed it out. Once it dried, it was good as new. I know this might have been the fault of shipping, so I can't complain. They didn't exactly know that it was makeup. Anyway, the pallette is beautiful and the colors are extremely pigmented. Aside from the broken compact, which was a little messy inside the container, I have no complaints.




          Helpful


Report abuse

Showing 0 comments
There was a problem loading comments right now. Please try again later.",3,0 people found this helpful
"December 28, 2020",Sue,"Sue5.0 out of 5 stars
Perfect set of colors!
Reviewed in the United States on December 28, 2020Color: 06 THE BLUSHED NUDESVerified Purchase

  Great price for the deal I got on it. Normally with these multi colored sets I only use a few of the colors but this one in sure I'll use almost all of them.




          Helpful


Report abuse

Showing 0 comments
There was a problem loading comments right now. Please try again later.",5,0 people found this helpful
"July 17, 2015",LA Camp,"LA Camp5.0 out of 5 stars
Cheaper than Walmart's price, so just get from Amazon.
Reviewed in the United States on July 17, 2015Color: 02 THE NUDESVerified Purchase

  Hmm... I could pay a high price at Walmart for this, orrrr I could just order it for a lot cheaper on here, and have it delivered.  I was smart and chose the latter.  We all know this is an awesome alternative to the NAKED palette.  The colors are rich, blendable, and stay put through the day There's a lot of options for a neutral look or smokey eyes.  Lots of different color combos to try.  BUT MOSTLY buy it on Amazon, because it's cheaper.


4 people found this helpful

          Helpful


Report abuse

Showing 0 comments
There was a problem loading comments right now. Please try again later.",5,4 people found this helpful
"December 27, 2017",Kathy Gortney,"Kathy Gortney5.0 out of 5 stars
BEAUTIFUL Palette!
Reviewed in the United States on December 27, 2017Color: 06 THE BLUSHED NUDESVerified Purchase

  Beautiful colors and I love that the back tells you how you can use them together! I love it! The colors are beautiful and very elegant and nice they go on very very nicely and super easy! I love them I also bought the 24k Nides and I love them too they can all be mixed and matched! I threw away all my other shadows because these are all I will ever need! I love them they are gorgeous!




          Helpful


Report abuse

Showing 0 comments
There was a problem loading comments right now. Please try again later.",5,0 people found this helpful
"December 9, 2020",Nelson,"Nelson1.0 out of 5 stars
OH YOU FOOLED ME!
Reviewed in the United States on December 9, 2020Color: 06 THE BLUSHED NUDESVerified Purchase

  This product is beyond small. What a major let down on the product. I would never ever pay for this if I knew the product size. I feel robbed!




          Helpful


Report abuse

Showing 0 comments
There was a problem loading comments right now. Please try again later.",1,0 people found this helpful
"November 19, 2019",VWilliamsTX,"VWilliamsTX5.0 out of 5 stars
Versatile
Reviewed in the United States on November 19, 2019Color: 120 THE 24K NUDESVerified Purchase

  I was looking for a versatile shadow palette. This totally fits the bill. It has plums, grays, and browns. Perfect!


One person found this helpful

          Helpful


Report abuse

Showing 0 comments
There was a problem loading comments right now. Please try again later.",5,One person found this helpful
